NAME,B19013_001E,B19013_001EA,B19013_001M,B19013_001MA,state,school district (secondary)
"Colorado River Union High School District, Arizona",41673.0,,1360.0,,04,00082
"Agua Fria Union High School District, Arizona",75226.0,,2135.0,,04,00450
"Antelope Union High School District, Arizona",46047.0,,6109.0,,04,00720
"Bicentennial Union High School District, Arizona",30432.0,,4872.0,,04,01160
"Buckeye Union High School District, Arizona",63832.0,,2214.0,,04,01410
"Casa Grande Union High School District, Arizona",45789.0,,2315.0,,04,01740
"Glendale Union High School District, Arizona",44856.0,,889.0,,04,03450
"Mingus Union High School District, Arizona",46780.0,,3545.0,,04,05070
"Patagonia Union High School District, Arizona",48750.0,,6248.0,,04,06030
"Phoenix Union High School District, Arizona",43643.0,,668.0,,04,06330
"Santa Cruz Valley Union High School District, Arizona",44167.0,,8015.0,,04,07530
"Tempe Union High School District, Arizona",64354.0,,1312.0,,04,08340
"Tolleson Union High School District, Arizona",59047.0,,1109.0,,04,08520
"Valley Union High School District, Arizona",40797.0,,4314.0,,04,08910
"Yuma Union High School District, Arizona",43988.0,,1037.0,,04,09630
"Remainder of Arizona, Arizona",59241.0,,327.0,,04,99999
"Antelope Valley Union Joint High School District, California",55630.0,,1246.0,,06,02820
"Washington Unified School District (9-12), California",45412.0,,4066.0,,06,06018
"Santa Barbara Unified School District (7-12), California",83532.0,,3378.0,,06,06019
"Lammersville Joint Unified School District (9-12), California",95417.0,,39162.0,,06,06020
"Kern High School District, California",53641.0,,935.0,,06,19540
"Yosemite Unified School District (9-12), California",56768.0,,7666.0,,06,06001
"Twin Rivers Unified School District (9-12), California",81546.0,,14110.0,,06,06003
"Twin Rivers Unified School District (7-12), California",54652.0,,5673.0,,06,06004
"Scott Valley Unified School District (9-12), California",26250.0,,15877.0,,06,06005
"Trinity Alps Unified School District (9-12), California",41540.0,,4073.0,,06,06006
"Turlock Unified School District (9-12), California",53135.0,,6330.0,,06,06013
"Santa Cruz City High School District (9-12), California",78900.0,,3377.0,,06,06015
"Dinuba Unified School District (9-12), California",37022.0,,5476.0,,06,06016
"Bishop Unified School District (9-12), California",68750.0,,19843.0,,06,06021
"Santa Paula Unified School District (9-12), California",68071.0,,8090.0,,06,06022
"Hamilton Unified School District (9-12), California",64167.0,,15845.0,,06,06025
"Perris Union High School District (9-12), California",67024.0,,2313.0,,06,06034
"Woodlake Unified School District (9-12), California",65847.0,,10330.0,,06,06026
"Exeter Unified School District (9-12), California",67576.0,,7421.0,,06,06028
"Tracy Unified School District (9-12), California",96301.0,,5565.0,,06,06031
"Alhambra Unified School District (9-12), California",49096.0,,2818.0,,06,06037
"Healdsburg Unified School District (7-12), California",89485.0,,11252.0,,06,06038
"Gonzales Unified School District (9-12), California",52750.0,,4146.0,,06,06053
"Porterville Unified School District (9-12), California",43496.0,,2852.0,,06,06107
"South Monterey County Joint Union High School District, California",52969.0,,2608.0,,06,19650
"Gridley Unified School District (9-12), California",68438.0,,22793.0,,06,99001
"Caruthers Unified School District (9-12), California",41108.0,,3621.0,,06,99002
"Riverdale Joint Unified School District (9-12), California",39563.0,,3304.0,,06,99003
"Sierra Unified School District (9-12), California",92321.0,,13000.0,,06,99004
"Orland Joint Unified School District (9-12), California",57639.0,,15699.0,,06,99005
"Eureka City Unified School District (7-12), California",55699.0,,6008.0,,06,99006
"Eureka City Unified School District (9-12), California",73438.0,,10420.0,,06,99007
"Upper Lake Unified School District (9-12), California",36453.0,,12503.0,,06,99008
"Coast Unified School District (9-12), California",63175.0,,6367.0,,06,99009
"Paso Robles Joint Unified School District (9-12), California",66541.0,,7744.0,,06,99010
"Santa Cruz City High School District (6-12), California",70773.0,,5573.0,,06,99011
"Hughson Unified School District (9-12), California",62589.0,,12629.0,,06,99012
"Oakdale Joint Unified School District (9-12), California",77868.0,,10191.0,,06,99013
"Nevada Joint Union High School District (9-12), California",57083.0,,14824.0,,06,99014
"Yreka Union High School District, California",44910.0,,2621.0,,06,43410
"Remainder of California, California",70362.0,,245.0,,06,99999
"Acalanes Union High School District, California",122258.0,,4789.0,,06,01650
"Anaheim Union High School District, California",68002.0,,1406.0,,06,02630
"West Sonoma County Union High School District, California",75911.0,,3060.0,,06,02670
"Anderson Union High School District, California",50250.0,,4094.0,,06,02700
"Northern Humboldt Union High School District, California",45226.0,,2134.0,,06,03030
"Brawley Union High School District, California",42829.0,,5552.0,,06,05820
"Bret Harte Union High School District, California",59404.0,,6031.0,,06,05940
"Campbell Union High School District, California",109341.0,,2899.0,,06,07230
"Centinela Valley Union High School District, California",51085.0,,1404.0,,06,07920
"Central Union High School District, California",46177.0,,3114.0,,06,08010
"Chaffey Joint Union High School District, California",73015.0,,1228.0,,06,08160
"Chowchilla Union High School District, California",48648.0,,5023.0,,06,08550
"Corning Union High School District, California",42774.0,,4037.0,,06,09810
"Delano Joint Union High School District, California",37398.0,,2545.0,,06,10860
"Dunsmuir Joint Union High School District, California",34107.0,,4990.0,,06,11700
"East Nicolaus Joint Union High School District, California",71667.0,,4752.0,,06,11780
"East Side Union High School District, California",99492.0,,1702.0,,06,11820
"Fallbrook Union High School District, California",61720.0,,4685.0,,06,13530
"El Dorado Union High School District, California",86856.0,,2581.0,,06,12070
"El Monte Union High School District, California",50130.0,,1504.0,,06,12120
"Escondido Union High School District, California",65809.0,,2392.0,,06,12910
"Fortuna Union High School District, California",45105.0,,2557.0,,06,14190
"Fremont Union High School District, California",145897.0,,3237.0,,06,14430
"Fullerton Joint Union High School District, California",74663.0,,1443.0,,06,14760
"Galt Joint Union High School District, California",73363.0,,3618.0,,06,14820
"Grossmont Union High School District, California",69219.0,,1054.0,,06,16230
"Hanford Joint Union High School District, California",58848.0,,2424.0,,06,16500
"Huntington Beach Union High School District, California",84493.0,,1370.0,,06,18060
"Jefferson Union High School District, California",96673.0,,3649.0,,06,18930
"Julian Union High School District, California",55036.0,,6695.0,,06,19110
"Kingsburg Joint Union High School District, California",64869.0,,7158.0,,06,19830
"Lassen Union High School District, California",61498.0,,5075.0,,06,21060
"Le Grand Union High School District, California",43167.0,,2801.0,,06,21270
"Lemoore Union High School District, California",56917.0,,3775.0,,06,21400
"Liberty Union High School District, California",101929.0,,2828.0,,06,21600
"Los Gatos-Saratoga Joint Union School District, California",171720.0,,10305.0,,06,22800
"Merced Union High School District, California",49028.0,,1990.0,,06,24660
"Modesto City High School District, California",56790.0,,1811.0,,06,25150
"Mountain View-Los Altos Union School District, California",142519.0,,5873.0,,06,26310
"Nevada Joint Union High School District, California",58756.0,,2399.0,,06,26880
"Oroville Union High School District, California",40349.0,,2199.0,,06,29130
"Oxnard Union High School District, California",74936.0,,1730.0,,06,29270
"Perris Union High School District, California",48200.0,,5317.0,,06,30210
"Petaluma Joint Union High School District, California",87500.0,,2810.0,,06,30250
"Placer Union High School District, California",74350.0,,2252.0,,06,30750
"Point Arena Joint Union High School District, California",57330.0,,7061.0,,06,31230
"Red Bluff Joint Union High School District, California",42886.0,,3198.0,,06,32010
"Roseville Joint Union High School District, California",88890.0,,3077.0,,06,33630
"Salinas Union High School District, California",62576.0,,1603.0,,06,33980
"San Benito High School District, California",83093.0,,4424.0,,06,34140
"San Dieguito Union High School District, California",127370.0,,4876.0,,06,34380
"San Mateo Union High School District, California",122829.0,,2533.0,,06,34980
"San Rafael City High School District, California",93618.0,,4712.0,,06,35110
"Santa Ynez Valley Union High School District, California",83346.0,,8326.0,,06,35850
"Santa Cruz City High School District, California",101094.0,,8952.0,,06,35600
"Santa Maria Joint Union High School District, California",65161.0,,1734.0,,06,35670
"Santa Rosa High School District, California",71983.0,,1769.0,,06,35830
"Sequoia Union High School District, California",123438.0,,2773.0,,06,36390
"Shasta Union High School District, California",52315.0,,1698.0,,06,36600
"Siskiyou Union High School District, California",47116.0,,6081.0,,06,36940
"Victor Valley Union High School District, California",49219.0,,2279.0,,06,36972
"Sonora Union High School District, California",54309.0,,3025.0,,06,37260
"Summerville Union High School District, California",62365.0,,7016.0,,06,38280
"Sutter Union High School District, California",70789.0,,5703.0,,06,38610
"Sweetwater Union High School District, California",65443.0,,1406.0,,06,38640
"Taft Union High School District, California",45505.0,,4539.0,,06,38730
"Tamalpais Union High School District, California",130775.0,,4120.0,,06,38790
"Tulare Joint Union High School District, California",49945.0,,1957.0,,06,39930
"Wasco Union High School District, California",37844.0,,3507.0,,06,41430
"Wheatland Union High School District, California",80606.0,,8604.0,,06,42350
"Whittier Union High School District, California",71534.0,,2048.0,,06,42480
"William S. Hart Union High School District, California",99477.0,,2282.0,,06,42510
"Regional High School District 19, Connecticut",65158.0,,7411.0,,09,00005
"Regional High School District 11, Connecticut",76863.0,,5551.0,,09,03570
"Regional High School District 01, Connecticut",77533.0,,4839.0,,09,03600
"Regional High School District 04, Connecticut",85000.0,,7026.0,,09,03630
"Regional High School District 05, Connecticut",126373.0,,8565.0,,09,03660
"Regional High School District 07, Connecticut",99205.0,,8891.0,,09,03720
"Regional High School District 08, Connecticut",107513.0,,6334.0,,09,03750
"Regional High School District 09, Connecticut",130966.0,,8639.0,,09,03780
"Remainder of Connecticut, Connecticut",75403.0,,555.0,,09,99999
"Chattahoochee County for Fort Benning, Georgia",54018.0,,4830.0,,13,13053
"Muscogee County for Fort Benning, Georgia",55817.0,,3228.0,,13,13215
"Remainder of Georgia, Georgia",55680.0,,245.0,,13,99999
"Bluford Unit School District 318 (9-12) in Farrington, Illinois",51250.0,,14481.0,,17,99001
"Bluford Unit School District 318 (9-12) in Opdyke-Belle Rive, Illinois",-666666666.0,-,-222222222.0,**,17,99004
"Woodlawn Unit District 209 (9-12) in Grand Prairie, Illinois",72750.0,,14442.0,,17,99005
"Woodlawn Unit District 209 (9-12) in Rome, Illinois",61250.0,,32192.0,,17,99006
"Woodlawn Unit District 209 (9-12) in Ashley, Illinois",64583.0,,42726.0,,17,99008
"Illini West High School District 307, Illinois",51376.0,,2277.0,,17,01384
"Anna Jonesboro Community High School District 81, Illinois",48529.0,,4944.0,,17,03780
"Antioch Community High School District 117, Illinois",90919.0,,4345.0,,17,03870
"Argo Community High School District 217, Illinois",53717.0,,2572.0,,17,04020
"Township High School District 214, Illinois",75577.0,,1747.0,,17,04170
"Armstrong Township High School District 225, Illinois",68977.0,,7072.0,,17,04230
"Central Community High School District 71, Illinois",72800.0,,3807.0,,17,04770
"Belleville Township High School District 201, Illinois",57136.0,,2732.0,,17,05640
"Benton Consolidated High School District 103, Illinois",43032.0,,2950.0,,17,05970
"Bloom Township High School District 206, Illinois",44823.0,,2286.0,,17,06420
"Community High School District 218, Illinois",54392.0,,1762.0,,17,06540
"Consolidated High School District 230, Illinois",77834.0,,2021.0,,17,08400
"Bradley-Bourbonnais Consolidated High School District 307, Illinois",63223.0,,2950.0,,17,06960
"Bremen Community High School District 228, Illinois",59921.0,,2072.0,,17,07050
"Carbondale Community High School District 165, Illinois",31416.0,,2189.0,,17,08370
"Centralia High School District 200, Illinois",42178.0,,1602.0,,17,09300
"Chester Non-High School District 122, Illinois",54583.0,,9027.0,,17,09780
"Community High School District 155, Illinois",94608.0,,2162.0,,17,11370
"Community High School District 99, Illinois",81951.0,,2235.0,,17,12570
"Dwight Township High School District 230, Illinois",64223.0,,7559.0,,17,12870
"East Alton-Wood River Community High School District 14, Illinois",43911.0,,6339.0,,17,12990
"East Peoria Community High School District 309, Illinois",54606.0,,4040.0,,17,13230
"DuPage High School District 88, Illinois",71075.0,,2158.0,,17,13940
"Evanston Township High School District 202, Illinois",81618.0,,3369.0,,17,14490
"Evergreen Park Community High School District 231, Illinois",72054.0,,4803.0,,17,14580
"Fenton Community High School District 100, Illinois",66664.0,,4539.0,,17,15030
"Freeburg Community High School District 77, Illinois",77007.0,,6449.0,,17,15840
"Gardner-South Wilmington Township High School District, Illinois",62941.0,,5817.0,,17,16260
"Glenbard Township High School District 87, Illinois",82251.0,,2091.0,,17,16830
"Grant Community High School District 124, Illinois",69562.0,,3140.0,,17,17340
"Grayslake Community High School District 127, Illinois",89578.0,,3260.0,,17,17550
"Hall High School District 502, Illinois",52977.0,,3852.0,,17,18030
"Township High School District 113, Illinois",137948.0,,6543.0,,17,19080
"Hinsdale Township High School District 86, Illinois",106544.0,,4182.0,,17,19320
"Homewood-Flossmoor Community High School District 233, Illinois",81084.0,,3106.0,,17,19560
"Hononegah Community High School District 207, Illinois",83811.0,,2932.0,,17,19620
"Joliet Township High School District 204, Illinois",56220.0,,1803.0,,17,20610
"Lake Forest Community High School District 115, Illinois",159445.0,,8514.0,,17,21780
"Lake Park Community High School District 108, Illinois",88788.0,,3892.0,,17,21840
"LaSalle-Peru Township High School District 120, Illinois",51651.0,,2555.0,,17,22110
"Lemont Township High School District 210, Illinois",95395.0,,5201.0,,17,22500
"Leyden Community High School District 212, Illinois",57654.0,,2304.0,,17,22740
"Libertyville Community High School District 128, Illinois",114902.0,,3402.0,,17,22830
"Limestone Community High School District 310, Illinois",53956.0,,2764.0,,17,22950
"Lincoln Community High School District 404, Illinois",55651.0,,2021.0,,17,23050
"Lincoln Way Community High School District 210, Illinois",105570.0,,1747.0,,17,23070
"Lockport Township High School District 205, Illinois",75568.0,,2776.0,,17,23350
"Lyons Township High School District 204, Illinois",100665.0,,4075.0,,17,23880
"Maine Township High School District 207, Illinois",73917.0,,1639.0,,17,24090
"Marengo Community High School District 154, Illinois",86772.0,,10233.0,,17,24570
"McHenry Community High School District 156, Illinois",71544.0,,3606.0,,17,25320
"Mendota Township High School District 280, Illinois",59792.0,,6288.0,,17,25650
"Metamora Township High School District 122, Illinois",79595.0,,4503.0,,17,25770
"Fairfield Community High School District 225, Illinois",49333.0,,2751.0,,17,26180
"Minooka Community High School District 111, Illinois",91298.0,,3327.0,,17,26340
"Morris Community High School District 101, Illinois",70732.0,,4446.0,,17,26640
"J. Sterling Morton High School District 201, Illinois",53500.0,,1651.0,,17,26880
"New Trier Township High School District 203, Illinois",167168.0,,7973.0,,17,28200
"Mount Vernon Township High School District 201, Illinois",44591.0,,2840.0,,17,27360
"Mundelein Consolidated High School District 120, Illinois",89726.0,,5517.0,,17,27570
"Nashville Community High School District 99, Illinois",57092.0,,3032.0,,17,27740
"Newark Community High School District 18, Illinois",83885.0,,6654.0,,17,28260
"Niles Township Community High School District 219, Illinois",73796.0,,3967.0,,17,28530
"Northfield Township High School District 225, Illinois",105638.0,,2848.0,,17,29010
"Oak Lawn Community High School District 229, Illinois",58157.0,,4324.0,,17,29220
"Oak Park and River Forest District 200, Illinois",95924.0,,4358.0,,17,29280
"Ohio Community High School District 505, Illinois",62500.0,,5124.0,,17,29730
"O'Fallon Township High School District 203, Illinois",88779.0,,4239.0,,17,29790
"Ottawa Township High School District 140, Illinois",54912.0,,2340.0,,17,30330
"Township High School District 211, Illinois",81090.0,,1779.0,,17,30450
"Pekin Community High School District 303, Illinois",53368.0,,1389.0,,17,31110
"Pinckneyville Community High School District 101, Illinois",51234.0,,8101.0,,17,31620
"Pontiac Township High School District 90, Illinois",52984.0,,3773.0,,17,32220
"Adlai E. Stevenson High School District 125, Illinois",132721.0,,4725.0,,17,32580
"Princeton High School District 500, Illinois",57750.0,,4843.0,,17,32700
"Proviso Township High School District 209, Illinois",56628.0,,2387.0,,17,32910
"Rantoul Township High School District 193, Illinois",45404.0,,2979.0,,17,33240
"Reavis Township High School District 220, Illinois",61397.0,,3849.0,,17,33270
"Rich Township High School District 227, Illinois",59961.0,,3607.0,,17,33420
"Richmond-Burton Community High School District 157, Illinois",90488.0,,8468.0,,17,33510
"Ridgewood Community High School District 234, Illinois",59267.0,,5616.0,,17,33720
"Riverside Brookfield Township School District 208, Illinois",80793.0,,4040.0,,17,34020
"Rochelle Township High School District 212, Illinois",56418.0,,3764.0,,17,34290
"Rock Falls Township High School District 301, Illinois",51824.0,,3386.0,,17,34380
"Salem Community High School District 600, Illinois",49571.0,,2622.0,,17,35190
"Seneca Township High School District 160, Illinois",71200.0,,7153.0,,17,35850
"St. Anne Community High School District 302, Illinois",45156.0,,2777.0,,17,37140
"St. Joseph-Ogden Community High School District 305, Illinois",85845.0,,4281.0,,17,37410
"Streator Township High School District 40, Illinois",48782.0,,2711.0,,17,38100
"Thornton Fractional Township High School District 215, Illinois",50734.0,,2074.0,,17,38940
"Thornton Township High School District 205, Illinois",41661.0,,1386.0,,17,38970
"United Township High School District 30, Illinois",50145.0,,2070.0,,17,39870
"Vienna High School District 133, Illinois",46672.0,,4234.0,,17,40290
"Community High School District 94, Illinois",80814.0,,4638.0,,17,40440
"Warren Township High School District 121, Illinois",88064.0,,4139.0,,17,40800
"Washington Community High School District 308, Illinois",69599.0,,4230.0,,17,40980
"Zion-Benton Township High School District 126, Illinois",65191.0,,3358.0,,17,43890
"Remainder of Illinois, Illinois",59681.0,,277.0,,17,99999
"Flanagan-Cornell District 74 in Cornell, Illinois",61875.0,,12259.0,,17,17901
"Flanagan-Cornell District 74 in Pontiac, Illinois",96667.0,,28153.0,,17,17902
"Flanagan-Cornell District 74 in Rooks Creek, Illinois",-666666666.0,-,-222222222.0,**,17,17903
"Laurel County School District for East Bernstadt ISD, Kentucky",31012.0,,7061.0,,21,21001
"Pulaski County School District for Science Hill ISD, Kentucky",44226.0,,7284.0,,21,21002
"Campbell County School District in Southgate ISD, Kentucky",52005.0,,7062.0,,21,21005
"Elizabethtown Independent School District for West Point ISD, Kentucky",38269.0,,4125.0,,21,21003
"Remainder of Kentucky, Kentucky",48379.0,,292.0,,21,99999
"Jefferson County School District in Anchorage ISD, Kentucky",181250.0,,29228.0,,21,21004
"Five Town Community School District, Maine",59578.0,,6524.0,,23,00053
"Moosabec Community School District, Maine",44444.0,,8976.0,,23,08400
"Mount Desert Community School District, Maine",53886.0,,5018.0,,23,08500
"Remainder of Maine, Maine",55396.0,,590.0,,23,99999
"Bremen, Maine",64583.0,,15459.0,,23,03480
"Damariscotta, Maine",52941.0,,12104.0,,23,04830
"Newcastle, Maine",71250.0,,9682.0,,23,08760
"Amherst-Pelham School District, Massachusetts",61638.0,,5536.0,,25,01920
"Berlin-Boylston School District, Massachusetts",99575.0,,7262.0,,25,02580
"Concord-Carlisle School District, Massachusetts",149500.0,,12090.0,,25,03870
"Dover-Sherborn School District, Massachusetts",210036.0,,22141.0,,25,04290
"Nauset School District, Massachusetts",70882.0,,2756.0,,25,04560
"Frontier School District, Massachusetts",67760.0,,6800.0,,25,05100
"Hampshire School District, Massachusetts",85922.0,,8402.0,,25,05740
"King Philip School District, Massachusetts",113268.0,,4888.0,,25,06510
"Lincoln-Sudbury School District, Massachusetts",163523.0,,10437.0,,25,06930
"Martha's Vineyard School District, Massachusetts",71042.0,,12067.0,,25,07380
"Masconomet School District, Massachusetts",131798.0,,10872.0,,25,07410
"Mount Greylock School District, Massachusetts",79340.0,,6864.0,,25,08160
"Northborough-Southborough School District, Massachusetts",125404.0,,5374.0,,25,08910
"Old Rochester School District, Massachusetts",93359.0,,11515.0,,25,09150
"Ralph C. Mahar School District, Massachusetts",51571.0,,6646.0,,25,09900
"Silver Lake School District, Massachusetts",96646.0,,7632.0,,25,10830
"Tantasqua School District, Massachusetts",78545.0,,4942.0,,25,11490
"Mohawk Trail Regional School District in Hawley and Charlemont towns, Massachusetts",58036.0,,8341.0,,25,22222
"North Adams School District in Clarksburg (9-12), Massachusetts",64330.0,,6098.0,,25,25002
"Gill-Montague School District in Erving (7-12), Massachusetts",62750.0,,14731.0,,25,25003
"Swampscott School District in Nahant (7-12), Massachusetts",90741.0,,14008.0,,25,25005
"Pittsfield School District in Richmond (9-12), Massachusetts",90714.0,,22580.0,,25,25006
"Mohawk Trail School District in Rowe (7-12), Massachusetts",54750.0,,10685.0,,25,25007
"Adams-Cheshire School District in Savoy (7-12), Massachusetts",60197.0,,8104.0,,25,25008
"North Adams School District in Florida (9-12), Massachusetts",65417.0,,17372.0,,25,25009
"Fairhaven/New Bedford School Districts in Acushnet (9-12), Massachusetts",72125.0,,5556.0,,25,25010
"Nauset/Provincetown School Districts in Turo (7-12), Massachusetts",65446.0,,10571.0,,25,25012
"Mount Greylock/New Lebanon (NY) School Districts in Hancock (7-12), Massachusetts",64583.0,,18900.0,,25,25013
"North Adams School District in Monroe (9-12), Massachusetts",26458.0,,6786.0,,25,25014
"Remainder of Massachusetts, Massachusetts",76535.0,,438.0,,25,99999
"Lee/Berkshire Hills in Farmington River Regional (7-12), Massachusetts",74597.0,,10818.0,,25,25015
"Somerset-Berkley School District, Massachusetts",80250.0,,5852.0,,25,00541
"Heron Lake-Okabena-Fulda-Worthington in Round Lake-Brewster (9-12), Minnesota",60556.0,,7108.0,,27,27006
"St. Louis-Northland in Nett Lake (7-12), Minnesota",26563.0,,8508.0,,27,27007
"Elkton School District 05-3 in Lake Benton (7-12), Minnesota",53750.0,,8242.0,,27,99001
"Park Rapids Public School District in Pine Point (9-12), Minnesota",26313.0,,573.0,,27,27001
"Remainder of Minnesota, Minnesota",68437.0,,277.0,,27,99999
"Clinton-Graceville-Beardsley-Wheaton-Sisseton/Wilmot (SD) in Browns Valley (9-12), Minnesota",39667.0,,10202.0,,27,27002
"Minneota-Ivanhoe Public School Districts in Ivanhoe (7-12), Minnesota",52260.0,,3122.0,,27,27003
"Marshall-Minneota-RTR Public Schools in Lynd (9-12), Minnesota",74688.0,,10531.0,,27,27004
"Marshall-Tracy Public Schools in Milroy (9-12), Minnesota",62750.0,,8229.0,,27,27005
"Fairfield High School District, Montana",61750.0,,7899.0,,30,10170
"Fairview High School District, Montana",66908.0,,8726.0,,30,10290
"Fergus High School District, Montana",49380.0,,4141.0,,30,10530
"Froid High School District, Montana",56875.0,,19562.0,,30,11580
"Forsyth High School District, Montana",39922.0,,11182.0,,30,11190
"Fort Benton High School District, Montana",42827.0,,5034.0,,30,11260
"Frazer High School District, Montana",28125.0,,10839.0,,30,11460
"Gardiner High School District, Montana",57917.0,,13357.0,,30,11850
"Reed Point High School District, Montana",48036.0,,16754.0,,30,22260
"Lame Deer High School District, Montana",47557.0,,3889.0,,30,00095
"North Star High School District, Montana",44605.0,,7699.0,,30,00097
"Chester-Joplin-Inverness High School District, Montana",48681.0,,6726.0,,30,00101
"Garfield County High School District, Montana",45893.0,,9365.0,,30,11880
"Geyser High School District, Montana",47917.0,,19661.0,,30,12300
"Grass Range High School District, Montana",58860.0,,5899.0,,30,12990
"Great Falls High School District, Montana",47372.0,,1609.0,,30,13050
"Hardin High School District, Montana",46113.0,,5783.0,,30,13340
"Plenty Coups High School District, Montana",39000.0,,15424.0,,30,13360
"Harlem High School District, Montana",40134.0,,5739.0,,30,13400
"Harlowton High School District, Montana",41791.0,,4011.0,,30,13470
"Havre High School District, Montana",49383.0,,4080.0,,30,13590
"Helena High School District, Montana",62799.0,,2158.0,,30,13830
"Hinsdale High School District, Montana",61667.0,,32353.0,,30,14370
"Jefferson High School District, Montana",78644.0,,4333.0,,30,15120
"Joliet High School District, Montana",69679.0,,9676.0,,30,15260
"Judith Gap High School District, Montana",36250.0,,17901.0,,30,15390
"Flathead High School District, Montana",53517.0,,2776.0,,30,15420
"Lambert High School District, Montana",53214.0,,22356.0,,30,16020
"Laurel High School District, Montana",59948.0,,8609.0,,30,16230
"Lincoln County High School District, Montana",34167.0,,6113.0,,30,16770
"Lodge Grass High School District, Montana",47212.0,,6196.0,,30,17040
"Manhattan High School District, Montana",62676.0,,3622.0,,30,17640
"Melstone High School District, Montana",31023.0,,8901.0,,30,18270
"Missoula High School District, Montana",50473.0,,2211.0,,30,18540
"Moore High School District, Montana",50000.0,,15427.0,,30,18900
"Noxon High School District, Montana",41198.0,,4383.0,,30,19500
"Park City High School District, Montana",73361.0,,7857.0,,30,20070
"Park High School District, Montana",46827.0,,5759.0,,30,20100
"Polson High School District, Montana",45667.0,,6539.0,,30,21090
"Poplar High School District, Montana",27050.0,,4818.0,,30,21270
"Powell County High School District, Montana",51188.0,,7678.0,,30,21450
"Power High School District, Montana",56250.0,,6160.0,,30,21540
"Rapelje High School District, Montana",49444.0,,7122.0,,30,21900
"Red Lodge High School District, Montana",51696.0,,4977.0,,30,22110
"Richey High School District, Montana",62625.0,,19488.0,,30,22410
"Ronan High School District, Montana",37400.0,,4180.0,,30,22800
"Roundup High School District, Montana",41549.0,,4856.0,,30,23070
"Saco High School District, Montana",44250.0,,13493.0,,30,23400
"Savage High School District, Montana",66821.0,,6644.0,,30,23550
"Shelby High School District, Montana",44570.0,,8229.0,,30,23910
"Shepherd High School District, Montana",69826.0,,10295.0,,30,23970
"Sheridan High School District, Montana",50938.0,,7322.0,,30,24180
"Sidney High School District, Montana",67975.0,,5826.0,,30,24230
"Simms High School District, Montana",50000.0,,9241.0,,30,24330
"Stevensville High School District, Montana",54399.0,,7584.0,,30,25050
"Centerville High School District, Montana",61328.0,,8316.0,,30,25140
"Sweet Grass County High School District, Montana",49167.0,,5147.0,,30,25560
"Thompson Falls High School District, Montana",37231.0,,5815.0,,30,26100
"Three Forks High School District, Montana",58160.0,,7361.0,,30,26190
"Troy High School District, Montana",42763.0,,6962.0,,30,26580
"Turner High School District, Montana",47813.0,,20570.0,,30,26670
"Valier High School District, Montana",44327.0,,7372.0,,30,27090
"Whitefish High School District, Montana",57346.0,,7593.0,,30,27790
"Whitehall High School District, Montana",52572.0,,4234.0,,30,27840
"Willow Creek High School District, Montana",53250.0,,6574.0,,30,28170
"Wolf Point High School District, Montana",43005.0,,5624.0,,30,28620
"Rocky Boy High School District, Montana",29007.0,,3441.0,,30,28911
"Remainder of Montana, Montana",48657.0,,1726.0,,30,99999
"Shields Valley High School District, Montana",55357.0,,10262.0,,30,00933
"Absarokee High School District, Montana",62750.0,,7972.0,,30,01740
"Anaconda High School District, Montana",41339.0,,2808.0,,30,02030
"Arlee High School District, Montana",52361.0,,4047.0,,30,02250
"Augusta High School District, Montana",52031.0,,10714.0,,30,02450
"Beaverhead County High School District, Montana",45938.0,,6559.0,,30,03090
"Belgrade High School District, Montana",68917.0,,3637.0,,30,03330
"Belt High School District, Montana",52344.0,,4716.0,,30,03450
"Bigfork High School District, Montana",60688.0,,5470.0,,30,03840
"Billings High School District, Montana",58406.0,,2054.0,,30,03900
"Box Elder High School District, Montana",42500.0,,15669.0,,30,04500
"Bozeman High School District, Montana",59768.0,,2589.0,,30,04590
"Powder River County High School District, Montana",52112.0,,6965.0,,30,04860
"Broadview High School District, Montana",66563.0,,15921.0,,30,04920
"Brockton High School District, Montana",26563.0,,11922.0,,30,05040
"Browning High School District, Montana",24453.0,,3943.0,,30,05190
"Butte High School District, Montana",42180.0,,2480.0,,30,05310
"Carter County High School District, Montana",44911.0,,10132.0,,30,05610
"Cascade High School District, Montana",51993.0,,5679.0,,30,05910
"Charlo High School District, Montana",49712.0,,7399.0,,30,06115
"Chinook High School District, Montana",39417.0,,6811.0,,30,06270
"Choteau High School District, Montana",42292.0,,11821.0,,30,06330
"Circle High School District, Montana",47500.0,,4323.0,,30,06810
"Colstrip High School District, Montana",84877.0,,5703.0,,30,07080
"Columbia Falls High School District, Montana",47339.0,,3853.0,,30,07140
"Columbus High School District, Montana",64216.0,,9413.0,,30,07200
"Conrad High School District, Montana",45435.0,,7034.0,,30,07320
"Culbertson High School District, Montana",68889.0,,16095.0,,30,07860
"Custer County High School District, Montana",55841.0,,5272.0,,30,07930
"Cut Bank High School District, Montana",40785.0,,6406.0,,30,08190
"Dawson High School District, Montana",59811.0,,4092.0,,30,08340
"Denton High School District, Montana",63500.0,,11352.0,,30,08850
"Drummond High School District, Montana",46573.0,,5459.0,,30,09210
"John Stark Regional School District, New Hampshire",86918.0,,5385.0,,33,00003
"Exeter Regional Cooperative School District, New Hampshire",96224.0,,5689.0,,33,00017
"Prospect Mountain High School Joint Maintenance Agreement District, New Hampshire",82350.0,,7612.0,,33,00049
"Dresden School District, New Hampshire",133672.0,,18532.0,,33,02670
"Hollis-Brookline Cooperative School District, New Hampshire",133984.0,,8047.0,,33,03850
"Profile School District, New Hampshire",60083.0,,5751.0,,33,05830
"Souhegan Cooperative School District, New Hampshire",132891.0,,7826.0,,33,06260
"Winnacunnet Cooperative School District, New Hampshire",80947.0,,5310.0,,33,07230
"Pemi-Baker Regional School District, New Hampshire",59910.0,,6771.0,,33,99965
"Remainder of New Hampshire, New Hampshire",72458.0,,665.0,,33,99999
"River Dell Regional School District, New Jersey",129631.0,,11810.0,,34,12260
"Pascack Valley Regional School District, New Jersey",143674.0,,6944.0,,34,12510
"Passaic Valley Regional School District, New Jersey",90640.0,,5135.0,,34,12570
"Passaic County Manchester Regional School District, New Jersey",77468.0,,8166.0,,34,12600
"Pinelands Regional School District, New Jersey",65998.0,,2937.0,,34,13000
"Ramapo-Indian Hill Regional School District, New Jersey",140299.0,,5725.0,,34,13560
"Rancocas Valley Regional School District, New Jersey",90218.0,,4218.0,,34,13620
"Red Bank Regional School District, New Jersey",100259.0,,5875.0,,34,13750
"Rumson-Fair Haven Regional School District, New Jersey",175296.0,,10446.0,,34,14400
"Shore Regional School District, New Jersey",108039.0,,8438.0,,34,14940
"Delsea Regional High School School District, New Jersey",83352.0,,4427.0,,34,15450
"Southern Regional School District, New Jersey",79379.0,,4812.0,,34,15480
"Wallkill Valley Regional School District, New Jersey",83988.0,,5761.0,,34,16870
"Warren Hills Regional School District, New Jersey",87542.0,,8160.0,,34,16970
"Watchung Hills Regional School District, New Jersey",152877.0,,6180.0,,34,17220
"West Essex Regional School District, New Jersey",137794.0,,5629.0,,34,17460
"West Morris Regional School District, New Jersey",155051.0,,6833.0,,34,17550
"Remainder of New Jersey, New Jersey",75939.0,,442.0,,34,99999
"Sterling High School School District, New Jersey",71078.0,,2875.0,,34,02880
"Black Horse Pike Regional School District, New Jersey",71715.0,,3507.0,,34,01770
"Carlstadt-East Rutherford School District, New Jersey",84950.0,,7905.0,,34,02800
"Central Regional School District, New Jersey",51995.0,,2329.0,,34,02910
"Clearview Regional School District, New Jersey",109746.0,,4851.0,,34,03210
"Cumberland Regional School District, New Jersey",62425.0,,3609.0,,34,03620
"Delaware Valley Regional School District, New Jersey",108018.0,,5995.0,,34,03750
"Eastern Camden County Regional School District, New Jersey",91723.0,,6501.0,,34,04380
"Freehold Regional School District, New Jersey",111074.0,,2831.0,,34,05610
"Gateway Regional School District, New Jersey",74320.0,,7096.0,,34,05820
"Greater Egg Harbor Regional School District, New Jersey",66962.0,,4292.0,,34,06060
"Hanover Park Regional School District, New Jersey",125190.0,,6375.0,,34,06660
"Henry Hudson Regional School District, New Jersey",67348.0,,12859.0,,34,07050
"High Point Regional School District, New Jersey",85137.0,,4579.0,,34,07140
"Hunterdon Central Regional School District, New Jersey",115691.0,,7122.0,,34,07590
"Lenape Regional School District, New Jersey",96902.0,,2074.0,,34,08490
"Kingsway Regional School District, New Jersey",125220.0,,4966.0,,34,07980
"Kittatinny Regional School District, New Jersey",88068.0,,6095.0,,34,08060
"Lakeland Regional School District, New Jersey",103885.0,,5902.0,,34,08190
"Lenape Valley Regional School District, New Jersey",90997.0,,6043.0,,34,08500
"Lower Cape May Regional School District, New Jersey",60573.0,,2851.0,,34,09090
"Mainland Regional School District, New Jersey",74678.0,,2708.0,,34,09360
"North Warren Regional School District, New Jersey",100946.0,,6762.0,,34,09550
"Monmouth Regional School District, New Jersey",74110.0,,6018.0,,34,10440
"Morris Hills Regional School District, New Jersey",102551.0,,6317.0,,34,10740
"North Hunterdon-Voorhees Regional School District, New Jersey",115240.0,,4381.0,,34,11610
"Northern Burlington Regional School District, New Jersey",99259.0,,6524.0,,34,11700
"Northern Highlands Regional School District, New Jersey",161037.0,,12014.0,,34,11730
"Northern Valley Regional School District, New Jersey",130088.0,,7065.0,,34,11760
"Bellmore-Merrick Central High School District, New York",137984.0,,5125.0,,36,19020
"Sewanhaka Central High School District, New York",108028.0,,2573.0,,36,26520
"Valley Stream Central High School District, New York",109400.0,,6179.0,,36,29520
"Remainder of New York, New York",64865.0,,213.0,,36,99999
"Frederick Public Schools in Davidson (9-12), Oklahoma",35417.0,,12690.0,,40,99001
"Secondary Coverage Area in White Oak Public Schools (9-12), Oklahoma",43125.0,,3921.0,,40,40001
"Remainder of Oklahoma, Oklahoma",51428.0,,213.0,,40,99999
"Harney County Union High School District 1J, Oregon",53250.0,,5895.0,,41,03630
"Remainder of Oregon, Oregon",59396.0,,384.0,,41,99999
"Foster-Glocester Regional School District, Rhode Island",87014.0,,5772.0,,44,00420
"Remainder of Rhode Island, Rhode Island",63009.0,,707.0,,44,99999
"Beaufort County School District within Beaufort Marine Corps Air Station, South Carolina",14500.0,,10353.0,,45,45013
"Richland County School District 2 within Fort Jackson, South Carolina",74855.0,,7519.0,,45,45079
"Remainder of South Carolina, South Carolina",50999.0,,271.0,,45,99999
"Arlington Community Schools in Lakeland (9-12), Tennessee",109063.0,,11677.0,,47,47002
"Anderson County School District in Clinton, Tennessee",45009.0,,5022.0,,47,47001
"Cocke County School District in Newport, Tennessee",23500.0,,3069.0,,47,47029
"Coffee County School District in Manchester, Tennessee",49350.0,,4372.0,,47,47031
"Crockett County School District in Alamo, Tennessee",40389.0,,6191.0,,47,47033
"Crockett County School District in Bells, Tennessee",49120.0,,8319.0,,47,47034
"Hawkins County School District in Rogersville, Tennessee",37351.0,,7208.0,,47,47073
"Henderson County School District in Lexington, Tennessee",43288.0,,16355.0,,47,47077
"Henry County School District in Paris, Tennessee",34135.0,,2815.0,,47,47079
"McMinn County School District in Athens, Tennessee",29525.0,,3055.0,,47,47107
"McMinn County School District in Etowah, Tennessee",37324.0,,10162.0,,47,47108
"Monroe County School District in Sweetwater, Tennessee",37151.0,,3446.0,,47,47123
"Rhea County School District in Dayton, Tennessee",31208.0,,7453.0,,47,47143
"Rutherford County School District in Murfreesboro, Tennessee",58414.0,,2154.0,,47,47149
"Williamson County School District in Franklin, Tennessee",76269.0,,3282.0,,47,47187
"Wilson County School District in Lebanon, Tennessee",51363.0,,2151.0,,47,47189
"Remainder of Tennessee, Tennessee",50849.0,,250.0,,47,99999
"Hallettsville Independent School District (9-12) in Vysehrad, Texas",67222.0,,10182.0,,48,48285
"Remainder of Texas, Texas",59569.0,,209.0,,48,99999
"Mount Pleasant Independent School District (9-12) in Winfield, Texas",45658.0,,7595.0,,48,48449
"Stephenville Independent School District (9-12) in Bluff Dale, Texas",79219.0,,13409.0,,48,48143
"Essex Community Education Center, Vermont",80562.0,,5414.0,,50,00006
"Remainder of Vermont, Vermont",59514.0,,621.0,,50,99999
"Lake Geneva-Genoa City Union High School District, Wisconsin",60476.0,,3463.0,,55,07650
"Lakeland Union High School District, Wisconsin",48053.0,,2479.0,,55,09630
"Westosha Central High School District, Wisconsin",79125.0,,4688.0,,55,13290
"Union Grove Union High School District, Wisconsin",68797.0,,4112.0,,55,15150
"Big Foot Union High School District, Wisconsin",58953.0,,3540.0,,55,15480
"Waterford Union High School District, Wisconsin",90818.0,,4155.0,,55,15600
"Wilmot Union High School District, Wisconsin",67407.0,,4355.0,,55,16770
"Remainder of Wisconsin, Wisconsin",58690.0,,240.0,,55,99999
"Nicolet Union High School District, Wisconsin",90505.0,,3776.0,,55,05490
"Hartford Union High School District, Wisconsin",74118.0,,2582.0,,55,06120
"Arrowhead Union High School District, Wisconsin",104706.0,,3254.0,,55,06180
